TABLE,PKEY,NAME,PROJECTID,SETID,PID,Device,Point,ADDRSLCT,ADDRESS,ALIAS,ALIASTYPE,P1,P2,P3,P4,P5,P6,P7,P8,TYPE,FORMAT,ISMODIFY,MSINPUT,MSOUTPUT,MSAUTOSUBS
DESetStatus,13607,4ed7f027-9ecc-4eee-a370-48041b4b2cd5,0,GW3RMUC06,"PCPTHO_RC0006CM_K2,PKABC",UC000673,PKABC,0,101,,0,1,0,0,1,0,0,0,0,0,1,0,0,0,0
DESetStatus,13608,216b762e-9c7f-4986-b8a8-8682e5e277a6,0,GW3RMUC06,"PCPTHO_RC0006CM_K1,PKABC",UC000671,PKABC,0,101,,0,1,0,0,1,0,0,0,0,0,1,0,0,0,0
DESetStatus,13609,cff2de0a-1211-4e5a-ad02-8d21e4408977,0,GW3RMUC06,"PCPTHO_RC0006CM_K1,BALR",UC000671,BALR,0,101,,0,1,0,0,1,0,0,0,0,0,2,0,0,0,0
DESetStatus,13610,5db23dd7-85b9-47ec-8405-98e3d9000d68,0,GW3RMUC06,"PCPTHO_RC0006CM_K2,BALR",UC000673,BALR,0,101,,0,1,0,0,1,0,0,0,0,0,2,0,0,0,0
DESetStatus,13611,fd0a4c6e-053a-4caa-a527-944bdbd50523,0,GW3RMUC06,"PCPTHO_RC0006CM_K1,DC24",UC000671,DC24,0,101,,0,1,0,0,0,0,0,0,0,0,1,0,0,0,0
DESetStatus,13612,c6d6f36a-e246-4bee-9b90-b234b631fd92,0,GW3RMUC06,"PCPTHO_RC0006CM_K2,DC24",UC000673,DC24,0,101,,0,1,0,0,0,0,0,0,0,0,1,0,0,0,0
DESetStatus,13613,6365e3f2-ec99-440d-9e72-428dbe771da5,0,GW3RMUC06,"PCPTHO_RC0006CM_COMMON,DCCB",UC0006CM,DCCB,0,101,,0,1,0,0,0,0,0,0,0,0,1,0,0,0,0
DESetStatus,13614,68b318d0-9a2a-4689-a899-22e0da9dee57,0,GW3RMUC06,"PCPTHO_RC0006CM_COMMON,DOOR",UC0006CM,DOOR,0,101,,0,1,0,0,0,0,0,0,0,0,1,0,0,0,0
DESetStatus,13615,2385e98a-1538-4d00-a001-e2d5886012e5,0,GW3RMUC06,"PCPTHO_RC0006CM_T1,ES",UC000631,ES,0,101,,0,1,0,0,0,0,0,0,0,0,5,0,0,0,0
DESetStatus,13616,2ee302d4-7f12-4a5a-b338-72ac0724b0a6,0,GW3RMUC06,"PCPTHO_RC0006CM_L1,ES",,ES,0,101,,0,1,0,0,0,0,0,0,0,0,5,0,0,0,0
DESetStatus,13617,56619f7b-5e1c-4856-8120-c7ce1293f76f,0,GW3RMUC06,"PCPTHO_RC0006CM_K1,ES",UC000671,ES,0,101,,0,1,0,0,0,0,0,0,0,0,5,0,0,0,0
DESetStatus,13618,2ffc5d1f-265c-4511-9fa7-a98228eae35e,0,GW3RMUC06,"PCPTHO_RC0006CM_K2,ES",UC000673,ES,0,101,,0,1,0,0,0,0,0,0,0,0,5,0,0,0,0
DESetStatus,13619,45d3648f-6f57-40eb-9729-8c4a7878ba92,0,GW3RMUC06,"PCPTHO_RC0006CM_K1,FI",UC000671,FI,0,101,,0,1,0,0,1,0,0,0,0,0,1,0,0,0,0
DESetStatus,13620,d1a13271-c4c6-4ce4-8f7a-489990086190,0,GW3RMUC06,"PCPTHO_RC0006CM_K2,FI",UC000673,FI,0,101,,0,1,0,0,1,0,0,0,0,0,1,0,0,0,0
DESetStatus,13621,7f4bbd99-88a6-4d69-b28f-acd4cebe3e3a,0,GW3RMUC06,"PCPTHO_RC0006CM_T1,LBS",UC000631,LBS,0,101,,0,1,0,0,1,0,0,0,0,0,5,0,0,0,0
DESetStatus,13622,2f04219d-09f3-4e6c-85f1-f22c54593bc3,0,GW3RMUC06,"PCPTHO_RC0006CM_K2,LBS",UC000673,LBS,0,101,,0,1,0,0,1,0,0,0,0,0,5,0,0,0,0
DESetStatus,13623,9e5f9de7-22f0-4afc-bdc0-fe260ad45c3c,0,GW3RMUC06,"PCPTHO_RC0006CM_L1,LBS",,LBS,0,101,,0,1,0,0,1,0,0,0,0,0,5,0,0,0,0
DESetStatus,13624,c3ca5e1a-04ef-4e2d-a332-4940b3936913,0,GW3RMUC06,"PCPTHO_RC0006CM_K1,LBS",UC000671,LBS,0,101,,0,1,0,0,1,0,0,0,0,0,5,0,0,0,0
DESetStatus,13625,8a05f4f9-e5ea-4794-845f-5f10e604bb79,0,GW3RMUC06,"PCPTHO_RC0006CM_COMMON,NACP",UC0006CM,NACP,0,101,,0,1,0,0,1,0,0,0,0,0,1,0,0,0,0
DESetStatus,13626,0d6e891a-186b-406b-8d35-9617717b30fc,0,GW3RMUC06,"PCPTHO_RC0006CM_K1,PKPA",UC000671,PKPA,0,101,,0,1,0,0,0,0,0,0,0,0,1,0,0,0,0
DESetStatus,13627,a7a66ba5-7273-41b3-b244-c9d5f9109def,0,GW3RMUC06,"PCPTHO_RC0006CM_K2,PKPA",UC000673,PKPA,0,101,,0,1,0,0,0,0,0,0,0,0,1,0,0,0,0
DESetStatus,13628,76de8575-fe0d-43f4-9804-a198f23cf956,0,GW3RMUC06,"PCPTHO_RC0006CM_K2,PKPB",UC000673,PKPB,0,101,,0,1,0,0,0,0,0,0,0,0,1,0,0,0,0
DESetStatus,13629,bf94c923-bb43-4e8a-b28a-35ca4bc94a0f,0,GW3RMUC06,"PCPTHO_RC0006CM_K1,PKPB",UC000671,PKPB,0,101,,0,1,0,0,0,0,0,0,0,0,1,0,0,0,0
DESetStatus,13630,215ec639-652a-4e3e-aae0-9361c5660274,0,GW3RMUC06,"PCPTHO_RC0006CM_K2,PKPC",UC000673,PKPC,0,101,,0,1,0,0,0,0,0,0,0,0,1,0,0,0,0
DESetStatus,13631,5dc82056-708c-4a95-a345-678494b8a0d2,0,GW3RMUC06,"PCPTHO_RC0006CM_K1,PKPC",UC000671,PKPC,0,101,,0,1,0,0,0,0,0,0,0,0,1,0,0,0,0
DESetStatus,13632,4e216aa5-ad96-40a7-99be-b5210eb3323c,0,GW3RMUC06,"PCPTHO_RC0006CM_K1,PKPN",UC000671,PKPN,0,101,,0,1,0,0,0,0,0,0,0,0,1,0,0,0,0
DESetStatus,13633,e457f0ab-7bb0-4717-b55d-dfc5f0627595,0,GW3RMUC06,"PCPTHO_RC0006CM_K2,PKPN",UC000673,PKPN,0,101,,0,1,0,0,0,0,0,0,0,0,1,0,0,0,0
DESetStatus,13634,b3cc0b4f-49e9-4fb1-af65-a742a0e71a99,0,GW3RMUC06,"PCPTHO_RC0006CM_K1,SFAL",UC000671,SFAL,0,101,,0,1,0,0,0,0,0,0,0,0,1,0,0,0,0
DESetStatus,13635,3dd8e648-22c8-472b-b61e-bf039ce36ae1,0,GW3RMUC06,"PCPTHO_RC0006CM_T1,SFAL",UC000631,SFAL,0,101,,0,1,0,0,0,0,0,0,0,0,1,0,0,0,0
DESetStatus,13636,09a267ed-f97e-474c-9268-b670a1f63372,0,GW3RMUC06,"PCPTHO_RC0006CM_K2,SFAL",UC000673,SFAL,0,101,,0,1,0,0,0,0,0,0,0,0,1,0,0,0,0
DESetStatus,13637,2b965aba-d301-46f0-bc43-7d8b96b797d7,0,GW3RMUC06,"PCPTHO_RC0006CM_L1,SFAL",,SFAL,0,101,,0,1,0,0,0,0,0,0,0,0,1,0,0,0,0
DESetStatus,13638,72027a3f-56e7-4594-8ae9-12c53e9e87be,0,GW3RMUC06,"PCPTHO_RC0006CM_K2,VAPR",UC000673,VAPR,0,101,,0,1,0,0,0,0,0,0,0,0,1,0,0,0,0
DESetStatus,13639,deab9a19-96c3-4d46-afbc-3a0e2848aaee,0,GW3RMUC06,"PCPTHO_RC0006CM_K1,VAPR",UC000671,VAPR,0,101,,0,1,0,0,0,0,0,0,0,0,1,0,0,0,0
DESetStatus,13640,d77bbf5a-0301-4554-905b-2e2c286af03f,0,GW3RMUC06,"PCPTHO_RC0006CM_K1,VBPR",UC000671,VBPR,0,101,,0,1,0,0,0,0,0,0,0,0,1,0,0,0,0
DESetStatus,13641,644464cd-73d5-4e82-ac9d-053d52c5cc15,0,GW3RMUC06,"PCPTHO_RC0006CM_K2,VBPR",UC000673,VBPR,0,101,,0,1,0,0,0,0,0,0,0,0,1,0,0,0,0
DESetStatus,13642,a73adf63-c238-4306-bed9-76b54b55314a,0,GW3RMUC06,"PCPTHO_RC0006CM_K1,VCPR",UC000671,VCPR,0,101,,0,1,0,0,0,0,0,0,0,0,1,0,0,0,0
DESetStatus,13643,4f8e893d-7df3-43e6-87df-6f9ee33ec13b,0,GW3RMUC06,"PCPTHO_RC0006CM_K2,VCPR",UC000673,VCPR,0,101,,0,1,0,0,0,0,0,0,0,0,1,0,0,0,0
DESetStatus,13644,bb897d08-1909-46ea-b4fb-ca58da07867e,0,GW3RMUC06,"PCPTHO_RC0006CM_K1,VLPS",UC000671,VLPS,0,101,,0,1,0,0,0,0,0,0,0,0,1,0,0,0,0
DESetStatus,13645,aa378a7f-2662-4709-932e-bdcab8da2467,0,GW3RMUC06,"PCPTHO_RC0006CM_K2,VLPS",UC000673,VLPS,0,101,,0,1,0,0,0,0,0,0,0,0,1,0,0,0,0
DESetStatus,13646,a3a2ca28-d316-4eb5-82e6-db7ce056db85,0,GW3RMUC06,"PCPTHO_RC0007CM_K2,PKABC",UC000773,PKABC,0,101,,0,1,0,0,1,0,0,0,0,0,1,0,0,0,0
DESetStatus,13647,58d410c6-9201-4ed6-bdf6-9b4ae67e8be1,0,GW3RMUC06,"PCPTHO_RC0007CM_K1,PKABC",UC000771,PKABC,0,101,,0,1,0,0,1,0,0,0,0,0,1,0,0,0,0
DESetStatus,13648,3274ac71-eb6a-42ec-8bc9-db084196a744,0,GW3RMUC06,"PCPTHO_RC0007CM_K3,PKABC",UC000775,PKABC,0,101,,0,1,0,0,1,0,0,0,0,0,1,0,0,0,0
DESetStatus,13649,83e5561b-6a6c-4af1-9dfa-59c65483d58d,0,GW3RMUC06,"PCPTHO_RC0007CM_K3,BALR",UC000775,BALR,0,101,,0,1,0,0,1,0,0,0,0,0,2,0,0,0,0
DESetStatus,13650,c9c3fcb7-a300-4c20-9389-707ae78e7d91,0,GW3RMUC06,"PCPTHO_RC0007CM_K2,BALR",UC000773,BALR,0,101,,0,1,0,0,1,0,0,0,0,0,2,0,0,0,0
DESetStatus,13651,6d31eaab-c290-492f-94a2-76236319251e,0,GW3RMUC06,"PCPTHO_RC0007CM_K1,BALR",UC000771,BALR,0,101,,0,1,0,0,1,0,0,0,0,0,2,0,0,0,0
DESetStatus,13652,fc4de782-6a1e-4302-a928-2eda44a67946,0,GW3RMUC06,"PCPTHO_RC0007CM_K3,DC24",UC000775,DC24,0,101,,0,1,0,0,0,0,0,0,0,0,1,0,0,0,0
DESetStatus,13653,263da917-dba1-47b2-96e6-bb3479316892,0,GW3RMUC06,"PCPTHO_RC0007CM_K1,DC24",UC000771,DC24,0,101,,0,1,0,0,0,0,0,0,0,0,1,0,0,0,0
DESetStatus,13654,338493d7-f7e5-466c-8a43-a0f1fbddfee3,0,GW3RMUC06,"PCPTHO_RC0007CM_K2,DC24",UC000773,DC24,0,101,,0,1,0,0,0,0,0,0,0,0,1,0,0,0,0
DESetStatus,13655,a2ce97ee-3411-40f5-ac9e-f870c3c712f4,0,GW3RMUC06,"PCPTHO_RC0007CM_COMMON,DCCB",UC0007CM,DCCB,0,101,,0,1,0,0,0,0,0,0,0,0,1,0,0,0,0
DESetStatus,13656,b3fbd4db-109b-4d9d-8d39-dc63f626eec1,0,GW3RMUC06,"PCPTHO_RC0007CM_COMMON,DOOR",UC0007CM,DOOR,0,101,,0,1,0,0,0,0,0,0,0,0,1,0,0,0,0
DESetStatus,13657,517ca210-1d27-40b3-af9a-e9c59cf7c1cf,0,GW3RMUC06,"PCPTHO_RC0007CM_K3,ES",UC000775,ES,0,101,,0,1,0,0,0,0,0,0,0,0,5,0,0,0,0
DESetStatus,13658,50b5675a-31a3-46c5-b773-454ba8793764,0,GW3RMUC06,"PCPTHO_RC0007CM_K1,ES",UC000771,ES,0,101,,0,1,0,0,0,0,0,0,0,0,5,0,0,0,0
DESetStatus,13659,fb41fc12-18dc-4f46-a09f-f3783d49fe0c,0,GW3RMUC06,"PCPTHO_RC0007CM_T1,ES",UC000731,ES,0,101,,0,1,0,0,0,0,0,0,0,0,5,0,0,0,0
DESetStatus,13660,8a44608a-7404-441e-b33b-9b8b27f65292,0,GW3RMUC06,"PCPTHO_RC0007CM_K2,ES",UC000773,ES,0,101,,0,1,0,0,0,0,0,0,0,0,5,0,0,0,0
DESetStatus,13661,b994e71b-70b3-4944-9a2e-85510199b1cd,0,GW3RMUC06,"PCPTHO_RC0007CM_K3,FI",UC000775,FI,0,101,,0,1,0,0,1,0,0,0,0,0,1,0,0,0,0
DESetStatus,13662,a1b76d04-9508-4a50-ba00-0cdd13f0c125,0,GW3RMUC06,"PCPTHO_RC0007CM_K1,FI",UC000771,FI,0,101,,0,1,0,0,0,0,0,0,0,0,1,0,0,0,0
DESetStatus,13663,f32151fe-c2c3-4392-9736-54bcbf9ad2a5,0,GW3RMUC06,"PCPTHO_RC0007CM_K2,FI",UC000773,FI,0,101,,0,1,0,0,1,0,0,0,0,0,1,0,0,0,0
DESetStatus,13664,b2461fb6-b010-4c39-9156-12fbe2db1c75,0,GW3RMUC06,"PCPTHO_RC0007CM_K2,LBS",UC000773,LBS,0,101,,0,1,0,0,1,0,0,0,0,0,5,0,0,0,0
DESetStatus,13665,498a2c71-be06-46d9-b573-34f98fc935d2,0,GW3RMUC06,"PCPTHO_RC0007CM_T1,LBS",UC000731,LBS,0,101,,0,1,0,0,1,0,0,0,0,0,5,0,0,0,0
DESetStatus,13666,e654dd80-fe7c-4b0d-8755-283fb65b849c,0,GW3RMUC06,"PCPTHO_RC0007CM_K1,LBS",UC000771,LBS,0,101,,0,1,0,0,1,0,0,0,0,0,5,0,0,0,0
DESetStatus,13667,695bf3a4-d0f0-40e0-a56d-16fe7df523d4,0,GW3RMUC06,"PCPTHO_RC0007CM_K3,LBS",UC000775,LBS,0,101,,0,1,0,0,1,0,0,0,0,0,5,0,0,0,0
DESetStatus,13668,ca8e2fad-d406-409a-8b92-068e17eefa1e,0,GW3RMUC06,"PCPTHO_RC0007CM_COMMON,NACP",UC0007CM,NACP,0,101,,0,1,0,0,1,0,0,0,0,0,1,0,0,0,0
DESetStatus,13669,8f2d666f-86dd-426e-85ad-36ed8c24d336,0,GW3RMUC06,"PCPTHO_RC0007CM_K3,PKPA",UC000775,PKPA,0,101,,0,1,0,0,0,0,0,0,0,0,1,0,0,0,0
DESetStatus,13670,32f5d872-34db-4744-bbd5-721dc3c11837,0,GW3RMUC06,"PCPTHO_RC0007CM_K2,PKPA",UC000773,PKPA,0,101,,0,1,0,0,0,0,0,0,0,0,1,0,0,0,0
DESetStatus,13671,6312324d-7651-4c18-8e56-749cf7dc5264,0,GW3RMUC06,"PCPTHO_RC0007CM_K1,PKPA",UC000771,PKPA,0,101,,0,1,0,0,0,0,0,0,0,0,1,0,0,0,0
DESetStatus,13672,745b4bb2-e0de-41fa-9ad0-af10d5a6564d,0,GW3RMUC06,"PCPTHO_RC0007CM_K1,PKPB",UC000771,PKPB,0,101,,0,1,0,0,0,0,0,0,0,0,1,0,0,0,0
DESetStatus,13673,85b5e694-d625-42a9-b5ca-3a067da127b5,0,GW3RMUC06,"PCPTHO_RC0007CM_K3,PKPB",UC000775,PKPB,0,101,,0,1,0,0,0,0,0,0,0,0,1,0,0,0,0
DESetStatus,13674,970fbef0-0d49-4374-a6e9-c3e27f305c0a,0,GW3RMUC06,"PCPTHO_RC0007CM_K2,PKPB",UC000773,PKPB,0,101,,0,1,0,0,0,0,0,0,0,0,1,0,0,0,0
DESetStatus,13675,a179c842-da10-44b7-92f6-959573110325,0,GW3RMUC06,"PCPTHO_RC0007CM_K2,PKPC",UC000773,PKPC,0,101,,0,1,0,0,0,0,0,0,0,0,1,0,0,0,0
DESetStatus,13676,bf55a944-1c17-4a4b-bf86-8bd723fbb61d,0,GW3RMUC06,"PCPTHO_RC0007CM_K3,PKPC",UC000775,PKPC,0,101,,0,1,0,0,0,0,0,0,0,0,1,0,0,0,0
DESetStatus,13677,2261a00a-b974-4cd7-af28-e9b76de29e77,0,GW3RMUC06,"PCPTHO_RC0007CM_K1,PKPC",UC000771,PKPC,0,101,,0,1,0,0,0,0,0,0,0,0,1,0,0,0,0
DESetStatus,13678,25f3450a-b4c1-4ad3-8337-3a980838f251,0,GW3RMUC06,"PCPTHO_RC0007CM_K3,PKPN",UC000775,PKPN,0,101,,0,1,0,0,0,0,0,0,0,0,1,0,0,0,0
DESetStatus,13679,78ad219a-74a4-4e8d-8873-d5c31a170f9b,0,GW3RMUC06,"PCPTHO_RC0007CM_K1,PKPN",UC000771,PKPN,0,101,,0,1,0,0,0,0,0,0,0,0,1,0,0,0,0
DESetStatus,13680,d17eb2b0-3336-4261-abf9-67c3e1199755,0,GW3RMUC06,"PCPTHO_RC0007CM_K2,PKPN",UC000773,PKPN,0,101,,0,1,0,0,0,0,0,0,0,0,1,0,0,0,0
DESetStatus,13681,78a58b68-20b9-42b4-b0fd-73a024a2e50d,0,GW3RMUC06,"PCPTHO_RC0007CM_T1,SFAL",UC000731,SFAL,0,101,,0,1,0,0,0,0,0,0,0,0,1,0,0,0,0
DESetStatus,13682,56560f76-1dd5-4121-b923-25c82ade54c0,0,GW3RMUC06,"PCPTHO_RC0007CM_K2,SFAL",UC000773,SFAL,0,101,,0,1,0,0,0,0,0,0,0,0,1,0,0,0,0
DESetStatus,13683,bee4ab4e-eff6-45ec-a36c-f58579611b35,0,GW3RMUC06,"PCPTHO_RC0007CM_K1,SFAL",UC000771,SFAL,0,101,,0,1,0,0,0,0,0,0,0,0,1,0,0,0,0
DESetStatus,13684,3d7bd012-93f0-4fd9-bca2-53463646e18a,0,GW3RMUC06,"PCPTHO_RC0007CM_K3,SFAL",UC000775,SFAL,0,101,,0,1,0,0,0,0,0,0,0,0,1,0,0,0,0
DESetStatus,13685,3f0545de-89e2-4b8e-9193-066ec61737e9,0,GW3RMUC06,"PCPTHO_RC0007CM_K3,VAPR",UC000775,VAPR,0,101,,0,1,0,0,0,0,0,0,0,0,1,0,0,0,0
DESetStatus,13686,5db09542-dc97-48b6-9daa-528ddc58adf0,0,GW3RMUC06,"PCPTHO_RC0007CM_K1,VAPR",UC000771,VAPR,0,101,,0,1,0,0,0,0,0,0,0,0,1,0,0,0,0
DESetStatus,13687,7e742f27-5a02-4406-ae4d-1fea05900a4d,0,GW3RMUC06,"PCPTHO_RC0007CM_K2,VAPR",UC000773,VAPR,0,101,,0,1,0,0,0,0,0,0,0,0,1,0,0,0,0
DESetStatus,13688,00e7eb87-a51b-4c97-b891-a25d9a579fa3,0,GW3RMUC06,"PCPTHO_RC0007CM_K1,VBPR",UC000771,VBPR,0,101,,0,1,0,0,0,0,0,0,0,0,1,0,0,0,0
DESetStatus,13689,01ab001f-3f2a-4b2d-a5cc-6f30b1ca9f5e,0,GW3RMUC06,"PCPTHO_RC0007CM_K3,VBPR",UC000775,VBPR,0,101,,0,1,0,0,0,0,0,0,0,0,1,0,0,0,0
DESetStatus,13690,3c73a212-7b24-4fac-be26-b75a36f45dbc,0,GW3RMUC06,"PCPTHO_RC0007CM_K2,VBPR",UC000773,VBPR,0,101,,0,1,0,0,0,0,0,0,0,0,1,0,0,0,0
DESetStatus,13691,2935d291-143d-4419-83f7-f4682cd0d08b,0,GW3RMUC06,"PCPTHO_RC0007CM_K3,VCPR",UC000775,VCPR,0,101,,0,1,0,0,0,0,0,0,0,0,1,0,0,0,0
DESetStatus,13692,3c595003-8b55-460f-b171-11d80eae696b,0,GW3RMUC06,"PCPTHO_RC0007CM_K2,VCPR",UC000773,VCPR,0,101,,0,1,0,0,0,0,0,0,0,0,1,0,0,0,0
DESetStatus,13693,66114024-04aa-4a45-af99-beba5df80fe4,0,GW3RMUC06,"PCPTHO_RC0007CM_K1,VCPR",UC000771,VCPR,0,101,,0,1,0,0,0,0,0,0,0,0,1,0,0,0,0
DESetStatus,13694,9be59701-0bec-4c1e-b066-9b15987e3b55,0,GW3RMUC06,"PCPTHO_RC0007CM_K1,VLPS",UC000771,VLPS,0,101,,0,1,0,0,0,0,0,0,0,0,1,0,0,0,0
DESetStatus,13695,c3e654f1-bef1-4764-9d2c-cc51dd5d5bb2,0,GW3RMUC06,"PCPTHO_RC0007CM_K3,VLPS",UC000775,VLPS,0,101,,0,1,0,0,0,0,0,0,0,0,1,0,0,0,0
DESetStatus,13696,0c5c7f2a-ed0d-44be-847d-066e58392f4c,0,GW3RMUC06,"PCPTHO_RC0007CM_K2,VLPS",UC000773,VLPS,0,101,,0,1,0,0,0,0,0,0,0,0,1,0,0,0,0
DESetStatus,13697,5af9bf16-31f5-4681-b63a-e251b8555948,0,GW3RMUC06,"PCPTHO_RC0008CM_K3,PKABC",UC000875,PKABC,0,101,,0,1,0,0,1,0,0,0,0,0,1,0,0,0,0
DESetStatus,13698,e412de69-66ba-4250-a2cc-499bf5f799b4,0,GW3RMUC06,"PCPTHO_RC0008CM_K2,PKABC",UC000873,PKABC,0,101,,0,1,0,0,1,0,0,0,0,0,1,0,0,0,0
DESetStatus,13699,0403b770-0aee-41db-a292-69a8fa5b2361,0,GW3RMUC06,"PCPTHO_RC0008CM_K1,PKABC",UC000871,PKABC,0,101,,0,1,0,0,1,0,0,0,0,0,1,0,0,0,0
DESetStatus,13700,0019d59b-ce8b-4bf6-8808-5928854dfd33,0,GW3RMUC06,"PCPTHO_RC0008CM_K3,BALR",UC000875,BALR,0,101,,0,1,0,0,1,0,0,0,0,0,2,0,0,0,0
DESetStatus,13701,149a197d-af28-421c-84b5-e9bd9510c916,0,GW3RMUC06,"PCPTHO_RC0008CM_K2,BALR",UC000873,BALR,0,101,,0,1,0,0,1,0,0,0,0,0,2,0,0,0,0
DESetStatus,13702,1ae8a20b-742e-4b17-8e07-90fc94a5b64b,0,GW3RMUC06,"PCPTHO_RC0008CM_K1,BALR",UC000871,BALR,0,101,,0,1,0,0,1,0,0,0,0,0,2,0,0,0,0
DESetStatus,13703,6f0a19a1-ca66-4f87-9a35-1443942556c3,0,GW3RMUC06,"PCPTHO_RC0008CM_K2,DC24",UC000873,DC24,0,101,,0,1,0,0,0,0,0,0,0,0,1,0,0,0,0
DESetStatus,13704,73f406e7-be6a-4e54-9c1b-f4a9baec91a4,0,GW3RMUC06,"PCPTHO_RC0008CM_K1,DC24",UC000871,DC24,0,101,,0,1,0,0,0,0,0,0,0,0,1,0,0,0,0
DESetStatus,13705,b3bd50d1-47c4-45dd-919f-58ebe16c980f,0,GW3RMUC06,"PCPTHO_RC0008CM_K3,DC24",UC000875,DC24,0,101,,0,1,0,0,0,0,0,0,0,0,1,0,0,0,0
DESetStatus,13706,d34f8505-0f1a-4e60-8caa-932d9e587bcd,0,GW3RMUC06,"PCPTHO_RC0008CM_COMMON,DCCB",UC0008CM,DCCB,0,101,,0,1,0,0,0,0,0,0,0,0,1,0,0,0,0
DESetStatus,13707,94528ad8-67a2-42f8-89fa-834abf7eadf4,0,GW3RMUC06,"PCPTHO_RC0008CM_COMMON,DOOR",UC0008CM,DOOR,0,101,,0,1,0,0,0,0,0,0,0,0,1,0,0,0,0
DESetStatus,13708,acb24cf9-735c-4580-8612-a3ea364a93c9,0,GW3RMUC06,"PCPTHO_RC0008CM_K3,ES",UC000875,ES,0,101,,0,1,0,0,0,0,0,0,0,0,5,0,0,0,0
DESetStatus,13709,089ecdab-5b1a-491a-9976-f74bb296d355,0,GW3RMUC06,"PCPTHO_RC0008CM_K1,ES",UC000871,ES,0,101,,0,1,0,0,0,0,0,0,0,0,5,0,0,0,0
DESetStatus,13710,dfccd977-b8ca-4827-8621-794836313fea,0,GW3RMUC06,"PCPTHO_RC0008CM_T1,ES",UC000831,ES,0,101,,0,1,0,0,0,0,0,0,0,0,5,0,0,0,0
DESetStatus,13711,c088164d-ed15-4da4-8d02-f54caf715a14,0,GW3RMUC06,"PCPTHO_RC0008CM_K2,ES",UC000873,ES,0,101,,0,1,0,0,0,0,0,0,0,0,5,0,0,0,0
DESetStatus,13712,b9ecceda-1e38-4478-adaa-4001b73bd6af,0,GW3RMUC06,"PCPTHO_RC0008CM_K1,FI",UC000871,FI,0,101,,0,1,0,0,1,0,0,0,0,0,1,0,0,0,0
DESetStatus,13713,a20b2201-4841-43a3-bc7a-ed6da2a91061,0,GW3RMUC06,"PCPTHO_RC0008CM_K3,FI",UC000875,FI,0,101,,0,1,0,0,1,0,0,0,0,0,1,0,0,0,0
DESetStatus,13714,c5d2cc3a-7795-4d81-bad3-62f044bc33a0,0,GW3RMUC06,"PCPTHO_RC0008CM_K2,FI",UC000873,FI,0,101,,0,1,0,0,1,0,0,0,0,0,1,0,0,0,0
DESetStatus,13715,7860862c-698a-410e-a0e6-7e66c6b24f2c,0,GW3RMUC06,"PCPTHO_RC0008CM_K2,LBS",UC000873,LBS,0,101,,0,1,0,0,1,0,0,0,0,0,5,0,0,0,0
DESetStatus,13716,04746c5f-7131-4324-b1d3-c690d47475ba,0,GW3RMUC06,"PCPTHO_RC0008CM_K3,LBS",UC000875,LBS,0,101,,0,1,0,0,1,0,0,0,0,0,5,0,0,0,0
DESetStatus,13717,27514186-7b91-4ead-a314-eb23869dc8f7,0,GW3RMUC06,"PCPTHO_RC0008CM_K1,LBS",UC000871,LBS,0,101,,0,1,0,0,1,0,0,0,0,0,5,0,0,0,0
DESetStatus,13718,7f2fb709-fd61-410f-b9d4-03023ce472ed,0,GW3RMUC06,"PCPTHO_RC0008CM_T1,LBS",UC000831,LBS,0,101,,0,1,0,0,1,0,0,0,0,0,5,0,0,0,0
DESetStatus,13719,49b1f151-2f1b-4b3b-9b2c-5d12278cc181,0,GW3RMUC06,"PCPTHO_RC0008CM_COMMON,NACP",UC0008CM,NACP,0,101,,0,1,0,0,1,0,0,0,0,0,1,0,0,0,0
DESetStatus,13720,05c927db-7982-4574-a9f6-0ed04d6828b9,0,GW3RMUC06,"PCPTHO_RC0008CM_K1,PKPA",UC000871,PKPA,0,101,,0,1,0,0,0,0,0,0,0,0,1,0,0,0,0
DESetStatus,13721,44956534-e024-4d67-ba6d-385e0eb1c2af,0,GW3RMUC06,"PCPTHO_RC0008CM_K2,PKPA",UC000873,PKPA,0,101,,0,1,0,0,0,0,0,0,0,0,1,0,0,0,0
DESetStatus,13722,980451a6-3d0d-40ca-9c29-6b1723b4f7cb,0,GW3RMUC06,"PCPTHO_RC0008CM_K3,PKPA",UC000875,PKPA,0,101,,0,1,0,0,0,0,0,0,0,0,1,0,0,0,0
DESetStatus,13723,846bae3c-960b-4efb-8d80-bf68424e7518,0,GW3RMUC06,"PCPTHO_RC0008CM_K1,PKPB",UC000871,PKPB,0,101,,0,1,0,0,0,0,0,0,0,0,1,0,0,0,0
DESetStatus,13724,47bb7ea0-079e-4058-880e-265746551b37,0,GW3RMUC06,"PCPTHO_RC0008CM_K3,PKPB",UC000875,PKPB,0,101,,0,1,0,0,0,0,0,0,0,0,1,0,0,0,0
DESetStatus,13725,99962be5-0098-4856-85cb-5f102985e604,0,GW3RMUC06,"PCPTHO_RC0008CM_K2,PKPB",UC000873,PKPB,0,101,,0,1,0,0,0,0,0,0,0,0,1,0,0,0,0
DESetStatus,13726,2081000e-1540-4330-9bf4-de7833912462,0,GW3RMUC06,"PCPTHO_RC0008CM_K2,PKPC",UC000873,PKPC,0,101,,0,1,0,0,0,0,0,0,0,0,1,0,0,0,0
DESetStatus,13727,1cab6376-e7f3-4545-962a-8134e9412106,0,GW3RMUC06,"PCPTHO_RC0008CM_K1,PKPC",UC000871,PKPC,0,101,,0,1,0,0,0,0,0,0,0,0,1,0,0,0,0
DESetStatus,13728,26d0d512-9842-414d-ba5d-19b8ce812ee2,0,GW3RMUC06,"PCPTHO_RC0008CM_K3,PKPC",UC000875,PKPC,0,101,,0,1,0,0,0,0,0,0,0,0,1,0,0,0,0
DESetStatus,13729,b4c9696c-31e8-4b53-92f8-9ce795546644,0,GW3RMUC06,"PCPTHO_RC0008CM_K3,PKPN",UC000875,PKPN,0,101,,0,1,0,0,0,0,0,0,0,0,1,0,0,0,0
DESetStatus,13730,4d613309-5bf4-4b95-88e3-c9de01e0fbad,0,GW3RMUC06,"PCPTHO_RC0008CM_K2,PKPN",UC000873,PKPN,0,101,,0,1,0,0,0,0,0,0,0,0,1,0,0,0,0
DESetStatus,13731,fe0b8e10-8bb2-4167-b13f-23b1ef479380,0,GW3RMUC06,"PCPTHO_RC0008CM_K1,PKPN",UC000871,PKPN,0,101,,0,1,0,0,0,0,0,0,0,0,1,0,0,0,0
DESetStatus,13732,44c8d32e-3517-48d7-b5a6-47bc10e948c4,0,GW3RMUC06,"PCPTHO_RC0008CM_K2,SFAL",UC000873,SFAL,0,101,,0,1,0,0,0,0,0,0,0,0,1,0,0,0,0
DESetStatus,13733,bc7247c8-299a-4517-8e48-aa2072696bfa,0,GW3RMUC06,"PCPTHO_RC0008CM_K1,SFAL",UC000871,SFAL,0,101,,0,1,0,0,0,0,0,0,0,0,1,0,0,0,0
DESetStatus,13734,c22099b9-bdfb-482b-b002-e8ae392adb8f,0,GW3RMUC06,"PCPTHO_RC0008CM_T1,SFAL",UC000831,SFAL,0,101,,0,1,0,0,0,0,0,0,0,0,1,0,0,0,0
DESetStatus,13735,c8956606-9f2a-4985-98ce-40bdc0f44aa8,0,GW3RMUC06,"PCPTHO_RC0008CM_K3,SFAL",UC000875,SFAL,0,101,,0,1,0,0,0,0,0,0,0,0,1,0,0,0,0
DESetStatus,13736,9fb06204-08ca-4f87-b1f5-14ac05badaf3,0,GW3RMUC06,"PCPTHO_RC0008CM_K3,VAPR",UC000875,VAPR,0,101,,0,1,0,0,0,0,0,0,0,0,1,0,0,0,0
DESetStatus,13737,7b0f1175-5d80-4ace-b18f-67f0d956d2dd,0,GW3RMUC06,"PCPTHO_RC0008CM_K1,VAPR",UC000871,VAPR,0,101,,0,1,0,0,0,0,0,0,0,0,1,0,0,0,0
DESetStatus,13738,dd9c44a4-bfd2-4160-bab0-d16fc4b44cda,0,GW3RMUC06,"PCPTHO_RC0008CM_K2,VAPR",UC000873,VAPR,0,101,,0,1,0,0,0,0,0,0,0,0,1,0,0,0,0
DESetStatus,13739,ce775967-2307-4747-81ce-7e70ecab238c,0,GW3RMUC06,"PCPTHO_RC0008CM_K2,VBPR",UC000873,VBPR,0,101,,0,1,0,0,0,0,0,0,0,0,1,0,0,0,0
DESetStatus,13740,171cd913-37da-4464-8c13-56104b2a98a3,0,GW3RMUC06,"PCPTHO_RC0008CM_K3,VBPR",UC000875,VBPR,0,101,,0,1,0,0,0,0,0,0,0,0,1,0,0,0,0
DESetStatus,13741,bdef975c-8851-4528-8ba3-5ffe8c6423c2,0,GW3RMUC06,"PCPTHO_RC0008CM_K1,VBPR",UC000871,VBPR,0,101,,0,1,0,0,0,0,0,0,0,0,1,0,0,0,0
DESetStatus,13742,81250921-d59a-48f3-9028-698a3bd4e301,0,GW3RMUC06,"PCPTHO_RC0008CM_K3,VCPR",UC000875,VCPR,0,101,,0,1,0,0,0,0,0,0,0,0,1,0,0,0,0
DESetStatus,13743,dcfca0e2-87da-4ac2-bb91-1a0668cd30e2,0,GW3RMUC06,"PCPTHO_RC0008CM_K1,VCPR",UC000871,VCPR,0,101,,0,1,0,0,0,0,0,0,0,0,1,0,0,0,0
DESetStatus,13744,fd559aae-3474-4063-a0a3-94110fd23e90,0,GW3RMUC06,"PCPTHO_RC0008CM_K2,VCPR",UC000873,VCPR,0,101,,0,1,0,0,0,0,0,0,0,0,1,0,0,0,0
DESetStatus,13745,37d4f85a-0047-49cf-b466-e61fec13657e,0,GW3RMUC06,"PCPTHO_RC0008CM_K3,VLPS",UC000875,VLPS,0,101,,0,1,0,0,0,0,0,0,0,0,1,0,0,0,0
DESetStatus,13746,bf398857-c4af-4f35-bd79-dea307514def,0,GW3RMUC06,"PCPTHO_RC0008CM_K1,VLPS",UC000871,VLPS,0,101,,0,1,0,0,0,0,0,0,0,0,1,0,0,0,0
DESetStatus,13747,7e41eed2-23af-46df-8c63-42d2db9daf56,0,GW3RMUC06,"PCPTHO_RC0008CM_K2,VLPS",UC000873,VLPS,0,101,,0,1,0,0,0,0,0,0,0,0,1,0,0,0,0
DESetStatus,13748,de059cdf-3c21-4393-bcef-3d630d150bee,0,GW3RMUC06,"PCPTHO_RC0009CM_K1,PKABC",UC000971,PKABC,0,101,,0,1,0,0,1,0,0,0,0,0,1,0,0,0,0
DESetStatus,13749,eb8c7b2c-ec03-4ddb-9761-3f1df093f959,0,GW3RMUC06,"PCPTHO_RC0009CM_K2,PKABC",UC000973,PKABC,0,101,,0,1,0,0,1,0,0,0,0,0,1,0,0,0,0
DESetStatus,13750,c2c9c652-0483-4d4c-9e47-3b216df3cd29,0,GW3RMUC06,"PCPTHO_RC0009CM_K2,BALR",UC000973,BALR,0,101,,0,1,0,0,1,0,0,0,0,0,2,0,0,0,0
DESetStatus,13751,dafed4aa-a7d2-40e8-ab0d-55af71a796d3,0,GW3RMUC06,"PCPTHO_RC0009CM_K1,BALR",UC000971,BALR,0,101,,0,1,0,0,1,0,0,0,0,0,2,0,0,0,0
DESetStatus,13752,4272bc54-2b50-4c27-b0cd-bab875c53376,0,GW3RMUC06,"PCPTHO_RC0009CM_K2,DC24",UC000973,DC24,0,101,,0,1,0,0,0,0,0,0,0,0,1,0,0,0,0
DESetStatus,13753,4de000de-46f6-4e61-9607-cf72603c2f34,0,GW3RMUC06,"PCPTHO_RC0009CM_K1,DC24",UC000971,DC24,0,101,,0,1,0,0,0,0,0,0,0,0,1,0,0,0,0
DESetStatus,13754,ccfc92da-cae0-4f97-9272-a1261bdd90a4,0,GW3RMUC06,"PCPTHO_RC0009CM_COMMON,DCCB",UC0009CM,DCCB,0,101,,0,1,0,0,0,0,0,0,0,0,1,0,0,0,0
DESetStatus,13755,23eef36b-6c97-4e90-901c-fe613964aeb9,0,GW3RMUC06,"PCPTHO_RC0009CM_COMMON,DOOR",UC0009CM,DOOR,0,101,,0,1,0,0,0,0,0,0,0,0,1,0,0,0,0
DESetStatus,13756,e031de59-f12f-4ff1-b761-b4dc5150df71,0,GW3RMUC06,"PCPTHO_RC0009CM_T1,ES",UC000931,ES,0,101,,0,1,0,0,0,0,0,0,0,0,5,0,0,0,0
DESetStatus,13757,31b3171c-39eb-4ca7-9111-688b7ce838e2,0,GW3RMUC06,"PCPTHO_RC0009CM_L1,ES",,ES,0,101,,0,1,0,0,0,0,0,0,0,0,5,0,0,0,0
DESetStatus,13758,f1cd1eda-0cc8-496b-aae1-8964e468e464,0,GW3RMUC06,"PCPTHO_RC0009CM_T2,ES",UC000933,ES,0,101,,0,1,0,0,0,0,0,0,0,0,5,0,0,0,0
DESetStatus,13759,ef8cc066-9ac1-4cb8-b5fe-f3a572286a8c,0,GW3RMUC06,"PCPTHO_RC0009CM_T3,ES",UC000935,ES,0,101,,0,1,0,0,0,0,0,0,0,0,5,0,0,0,0
DESetStatus,13760,3713173d-7f62-4dad-b1ba-ba8f016a2303,0,GW3RMUC06,"PCPTHO_RC0009CM_K1,ES",UC000971,ES,0,101,,0,1,0,0,0,0,0,0,0,0,5,0,0,0,0
DESetStatus,13761,fbfd53df-b85e-40cd-83de-8b6469cd102a,0,GW3RMUC06,"PCPTHO_RC0009CM_K2,ES",UC000973,ES,0,101,,0,1,0,0,0,0,0,0,0,0,5,0,0,0,0
DESetStatus,13762,f7624cf3-aec1-4082-89ea-f853cb86621e,0,GW3RMUC06,"PCPTHO_RC0009CM_K2,FI",UC000973,FI,0,101,,0,1,0,0,1,0,0,0,0,0,1,0,0,0,0
DESetStatus,13763,37005b76-30a5-41ec-9232-624d157283bc,0,GW3RMUC06,"PCPTHO_RC0009CM_K1,FI",UC000971,FI,0,101,,0,1,0,0,1,0,0,0,0,0,1,0,0,0,0
DESetStatus,13764,f4cf278a-e178-4817-80ff-151b09e44e9b,0,GW3RMUC06,"PCPTHO_RC0009CM_L1,LBS",,LBS,0,101,,0,1,0,0,1,0,0,0,0,0,5,0,0,0,0
DESetStatus,13765,d79afc4e-ae2e-4e27-971a-155f63e3a791,0,GW3RMUC06,"PCPTHO_RC0009CM_K1,LBS",UC000971,LBS,0,101,,0,1,0,0,1,0,0,0,0,0,5,0,0,0,0
DESetStatus,13766,a99584ef-5057-4457-9e4a-2a043b068632,0,GW3RMUC06,"PCPTHO_RC0009CM_K2,LBS",UC000973,LBS,0,101,,0,1,0,0,1,0,0,0,0,0,5,0,0,0,0
DESetStatus,13767,9c69aacf-e6dc-4015-a8f4-6613fa8e0e83,0,GW3RMUC06,"PCPTHO_RC0009CM_T1,LBS",UC000931,LBS,0,101,,0,1,0,0,1,0,0,0,0,0,5,0,0,0,0
DESetStatus,13768,f5578550-5623-4e08-977f-5375e8d7b0c7,0,GW3RMUC06,"PCPTHO_RC0009CM_T3,LBS",UC000935,LBS,0,101,,0,1,0,0,1,0,0,0,0,0,5,0,0,0,0
DESetStatus,13769,c5fc1e4d-4962-4993-8f88-f7160a6d04b6,0,GW3RMUC06,"PCPTHO_RC0009CM_T2,LBS",UC000933,LBS,0,101,,0,1,0,0,1,0,0,0,0,0,5,0,0,0,0
DESetStatus,13770,6dc81748-a9f4-4e41-a3e6-45b3f93063c8,0,GW3RMUC06,"PCPTHO_RC0009CM_COMMON,NACP",UC0009CM,NACP,0,101,,0,1,0,0,1,0,0,0,0,0,1,0,0,0,0
DESetStatus,13771,943f4917-c723-4f3d-ab00-982161e2d8fb,0,GW3RMUC06,"PCPTHO_RC0009CM_K1,PKPA",UC000971,PKPA,0,101,,0,1,0,0,0,0,0,0,0,0,1,0,0,0,0
DESetStatus,13772,b8604914-099c-4b60-a720-b587d818dcb4,0,GW3RMUC06,"PCPTHO_RC0009CM_K2,PKPA",UC000973,PKPA,0,101,,0,1,0,0,0,0,0,0,0,0,1,0,0,0,0
DESetStatus,13773,d6937397-dd72-41b1-9342-c5f953dcc328,0,GW3RMUC06,"PCPTHO_RC0009CM_K1,PKPB",UC000971,PKPB,0,101,,0,1,0,0,0,0,0,0,0,0,1,0,0,0,0
DESetStatus,13774,3a426bf7-bda1-4fdb-a622-4d96047e99be,0,GW3RMUC06,"PCPTHO_RC0009CM_K2,PKPB",UC000973,PKPB,0,101,,0,1,0,0,0,0,0,0,0,0,1,0,0,0,0
DESetStatus,13775,76b512f9-fd33-4951-9d70-5f99311ae221,0,GW3RMUC06,"PCPTHO_RC0009CM_K1,PKPC",UC000971,PKPC,0,101,,0,1,0,0,0,0,0,0,0,0,1,0,0,0,0
DESetStatus,13776,557fa405-6d4e-4957-b995-df54f0e31183,0,GW3RMUC06,"PCPTHO_RC0009CM_K2,PKPC",UC000973,PKPC,0,101,,0,1,0,0,0,0,0,0,0,0,1,0,0,0,0
DESetStatus,13777,1005e92c-ad90-4669-aa3f-2bc62c391d1c,0,GW3RMUC06,"PCPTHO_RC0009CM_K1,PKPN",UC000971,PKPN,0,101,,0,1,0,0,0,0,0,0,0,0,1,0,0,0,0
DESetStatus,13778,56a1c0b0-72b6-465f-9369-473489966bfe,0,GW3RMUC06,"PCPTHO_RC0009CM_K2,PKPN",UC000973,PKPN,0,101,,0,1,0,0,0,0,0,0,0,0,1,0,0,0,0
DESetStatus,13779,64ba8a50-c9c4-47a0-a0d1-e52d4d5ac300,0,GW3RMUC06,"PCPTHO_RC0009CM_T3,SFAL",UC000935,SFAL,0,101,,0,1,0,0,0,0,0,0,0,0,1,0,0,0,0
DESetStatus,13780,2f70569f-8e3b-49e0-9143-545a8d2f6ef5,0,GW3RMUC06,"PCPTHO_RC0009CM_K1,SFAL",UC000971,SFAL,0,101,,0,1,0,0,0,0,0,0,0,0,1,0,0,0,0
DESetStatus,13781,138386f3-b3ea-4471-8e4d-e6410bd243c1,0,GW3RMUC06,"PCPTHO_RC0009CM_T1,SFAL",UC000931,SFAL,0,101,,0,1,0,0,0,0,0,0,0,0,1,0,0,0,0
DESetStatus,13782,336b263a-bb57-4f4d-82d7-bc441629e023,0,GW3RMUC06,"PCPTHO_RC0009CM_T2,SFAL",UC000933,SFAL,0,101,,0,1,0,0,0,0,0,0,0,0,1,0,0,0,0
DESetStatus,13783,8de400e0-7b90-479b-87d7-8319129d128e,0,GW3RMUC06,"PCPTHO_RC0009CM_L1,SFAL",,SFAL,0,101,,0,1,0,0,0,0,0,0,0,0,1,0,0,0,0
DESetStatus,13784,28855e1a-2175-49ef-89b4-72dee308b880,0,GW3RMUC06,"PCPTHO_RC0009CM_K2,SFAL",UC000973,SFAL,0,101,,0,1,0,0,0,0,0,0,0,0,1,0,0,0,0
DESetStatus,13785,b387e638-fcbd-4996-a64c-4afab706ca87,0,GW3RMUC06,"PCPTHO_RC0009CM_K2,VAPR",UC000973,VAPR,0,101,,0,1,0,0,0,0,0,0,0,0,1,0,0,0,0
DESetStatus,13786,15602879-f1c7-43eb-afd9-b07997866e54,0,GW3RMUC06,"PCPTHO_RC0009CM_K1,VAPR",UC000971,VAPR,0,101,,0,1,0,0,0,0,0,0,0,0,1,0,0,0,0
DESetStatus,13787,5e94ecae-7e31-4ea0-813c-2fed86599acf,0,GW3RMUC06,"PCPTHO_RC0009CM_K1,VBPR",UC000971,VBPR,0,101,,0,1,0,0,0,0,0,0,0,0,1,0,0,0,0
DESetStatus,13788,a4926882-971e-4c29-bb47-8c2b2bac182b,0,GW3RMUC06,"PCPTHO_RC0009CM_K2,VBPR",UC000973,VBPR,0,101,,0,1,0,0,0,0,0,0,0,0,1,0,0,0,0
DESetStatus,13789,6dd29e66-41ab-4be9-903d-73024f60e903,0,GW3RMUC06,"PCPTHO_RC0009CM_K2,VCPR",UC000973,VCPR,0,101,,0,1,0,0,0,0,0,0,0,0,1,0,0,0,0
DESetStatus,13790,aa692406-2cd1-4347-931c-f1844ba90fa9,0,GW3RMUC06,"PCPTHO_RC0009CM_K1,VCPR",UC000971,VCPR,0,101,,0,1,0,0,0,0,0,0,0,0,1,0,0,0,0
DESetStatus,13791,a5776fa5-e8b5-4874-bbdc-b82a9dc8ea88,0,GW3RMUC06,"PCPTHO_RC0009CM_K2,VLPS",UC000973,VLPS,0,101,,0,1,0,0,0,0,0,0,0,0,1,0,0,0,0
DESetStatus,13792,c6d36261-abd0-4063-8e47-9fa5c3e2bd35,0,GW3RMUC06,"PCPTHO_RC0009CM_K1,VLPS",UC000971,VLPS,0,101,,0,1,0,0,0,0,0,0,0,0,1,0,0,0,0
DESetStatus,13793,b1df05a7-1479-49d1-b6d4-900712455bff,0,GW3RMUC06,"PCPTHO_RC0010CM_K3,PKABC",UC001075,PKABC,0,101,,0,1,0,0,1,0,0,0,0,0,1,0,0,0,0
DESetStatus,13794,e2bd149c-c0cf-46d7-b30a-b8636f9f7b77,0,GW3RMUC06,"PCPTHO_RC0010CM_K2,PKABC",UC001073,PKABC,0,101,,0,1,0,0,1,0,0,0,0,0,1,0,0,0,0
DESetStatus,13795,8a560092-75a7-4bea-b116-e8ddb7464245,0,GW3RMUC06,"PCPTHO_RC0010CM_K1,PKABC",UC001071,PKABC,0,101,,0,1,0,0,1,0,0,0,0,0,1,0,0,0,0
DESetStatus,13796,303684c4-6c87-47c4-8285-020eb4b4af15,0,GW3RMUC06,"PCPTHO_RC0010CM_K2,BALR",UC001073,BALR,0,101,,0,1,0,0,1,0,0,0,0,0,2,0,0,0,0
DESetStatus,13797,8c8dbcf4-e8e5-4e63-b6e4-ef06bfc3b7bc,0,GW3RMUC06,"PCPTHO_RC0010CM_K1,BALR",UC001071,BALR,0,101,,0,1,0,0,1,0,0,0,0,0,2,0,0,0,0
DESetStatus,13798,90198014-911b-4d7b-b83e-ac4e671564f8,0,GW3RMUC06,"PCPTHO_RC0010CM_K3,BALR",UC001075,BALR,0,101,,0,1,0,0,1,0,0,0,0,0,2,0,0,0,0
DESetStatus,13799,9c0382d5-c537-4d0d-af04-13759c9e1893,0,GW3RMUC06,"PCPTHO_RC0010CM_K2,DC24",UC001073,DC24,0,101,,0,1,0,0,0,0,0,0,0,0,1,0,0,0,0
DESetStatus,13800,058224bf-f4fa-41ac-921b-34f02d233bbe,0,GW3RMUC06,"PCPTHO_RC0010CM_K1,DC24",UC001071,DC24,0,101,,0,1,0,0,0,0,0,0,0,0,1,0,0,0,0
DESetStatus,13801,45380905-f870-4be3-83df-d828e21ddf37,0,GW3RMUC06,"PCPTHO_RC0010CM_K3,DC24",UC001075,DC24,0,101,,0,1,0,0,0,0,0,0,0,0,1,0,0,0,0
DESetStatus,13802,945aa1d9-27a2-42ab-b6f6-0c6fe5d39368,0,GW3RMUC06,"PCPTHO_RC0010CM_COMMON,DCCB",UC0010CM,DCCB,0,101,,0,1,0,0,0,0,0,0,0,0,1,0,0,0,0
DESetStatus,13803,8614c716-f317-447e-baaf-2720db54216e,0,GW3RMUC06,"PCPTHO_RC0010CM_COMMON,DOOR",UC0010CM,DOOR,0,101,,0,1,0,0,0,0,0,0,0,0,1,0,0,0,0
DESetStatus,13804,f656be23-208f-4624-98b3-a3b616ec9292,0,GW3RMUC06,"PCPTHO_RC0010CM_T1,ES",UC001031,ES,0,101,,0,1,0,0,0,0,0,0,0,0,5,0,0,0,0
DESetStatus,13805,c25c2f66-e97d-41a2-be70-cc0b5de51511,0,GW3RMUC06,"PCPTHO_RC0010CM_T3,ES",UC001035,ES,0,101,,0,1,0,0,0,0,0,0,0,0,5,0,0,0,0
DESetStatus,13806,bb4f5af0-6fce-4dc5-9431-66deaa01ceba,0,GW3RMUC06,"PCPTHO_RC0010CM_K3,ES",UC001075,ES,0,101,,0,1,0,0,0,0,0,0,0,0,5,0,0,0,0
DESetStatus,13807,dcc4a9ca-416b-4190-9e66-d0213417946f,0,GW3RMUC06,"PCPTHO_RC0010CM_K1,ES",UC001071,ES,0,101,,0,1,0,0,0,0,0,0,0,0,5,0,0,0,0
DESetStatus,13808,c3df14e3-1ad9-4d65-9757-7ed575442395,0,GW3RMUC06,"PCPTHO_RC0010CM_T2,ES",UC001033,ES,0,101,,0,1,0,0,0,0,0,0,0,0,5,0,0,0,0
DESetStatus,13809,4436ad60-369b-49c1-8dcf-1833b27515fd,0,GW3RMUC06,"PCPTHO_RC0010CM_K2,ES",UC001073,ES,0,101,,0,1,0,0,0,0,0,0,0,0,5,0,0,0,0
DESetStatus,13810,a53f9715-76d3-4dd5-a085-e6ec34ec1fb7,0,GW3RMUC06,"PCPTHO_RC0010CM_K1,FI",UC001071,FI,0,101,,0,1,0,0,1,0,0,0,0,0,1,0,0,0,0
DESetStatus,13811,4f3e439f-5990-41ea-ae2c-5b41d851423c,0,GW3RMUC06,"PCPTHO_RC0010CM_K3,FI",UC001075,FI,0,101,,0,1,0,0,1,0,0,0,0,0,1,0,0,0,0
DESetStatus,13812,cfff0f71-5a24-4a06-8bb0-895c48ce8144,0,GW3RMUC06,"PCPTHO_RC0010CM_K2,FI",UC001073,FI,0,101,,0,1,0,0,1,0,0,0,0,0,1,0,0,0,0
DESetStatus,13813,835a274c-fa92-4f77-b47e-5d29e52d2570,0,GW3RMUC06,"PCPTHO_RC0010CM_T2,LBS",UC001033,LBS,0,101,,0,1,0,0,1,0,0,0,0,0,5,0,0,0,0
DESetStatus,13814,0d423a16-c218-4626-a8b1-29d124725aa5,0,GW3RMUC06,"PCPTHO_RC0010CM_T1,LBS",UC001031,LBS,0,101,,0,1,0,0,1,0,0,0,0,0,5,0,0,0,0
DESetStatus,13815,32e16f23-ac29-43fc-b44a-38c2f4498232,0,GW3RMUC06,"PCPTHO_RC0010CM_T3,LBS",UC001035,LBS,0,101,,0,1,0,0,1,0,0,0,0,0,5,0,0,0,0
DESetStatus,13816,bc897887-4a71-4b23-848b-9881f465c200,0,GW3RMUC06,"PCPTHO_RC0010CM_K2,LBS",UC001073,LBS,0,101,,0,1,0,0,1,0,0,0,0,0,5,0,0,0,0
DESetStatus,13817,640d28e9-728a-4246-8fb2-6572567c5f16,0,GW3RMUC06,"PCPTHO_RC0010CM_K3,LBS",UC001075,LBS,0,101,,0,1,0,0,1,0,0,0,0,0,5,0,0,0,0
DESetStatus,13818,8236807a-ce5a-4007-b303-1b25ef05c322,0,GW3RMUC06,"PCPTHO_RC0010CM_K1,LBS",UC001071,LBS,0,101,,0,1,0,0,1,0,0,0,0,0,5,0,0,0,0
DESetStatus,13819,0114bb2d-9227-4732-b566-eadc9fe255cc,0,GW3RMUC06,"PCPTHO_RC0010CM_COMMON,NACP",UC0010CM,NACP,0,101,,0,1,0,0,1,0,0,0,0,0,1,0,0,0,0
DESetStatus,13820,6c4642fc-a3b0-4184-ba91-fcce49860393,0,GW3RMUC06,"PCPTHO_RC0010CM_K2,PKPA",UC001073,PKPA,0,101,,0,1,0,0,0,0,0,0,0,0,1,0,0,0,0
DESetStatus,13821,41df914d-7826-4fb7-88ce-1203c6f15f78,0,GW3RMUC06,"PCPTHO_RC0010CM_K1,PKPA",UC001071,PKPA,0,101,,0,1,0,0,0,0,0,0,0,0,1,0,0,0,0
DESetStatus,13822,9dfb9399-7ea6-4e57-9cb5-42b1f8ba7d74,0,GW3RMUC06,"PCPTHO_RC0010CM_K3,PKPA",UC001075,PKPA,0,101,,0,1,0,0,0,0,0,0,0,0,1,0,0,0,0
DESetStatus,13823,93579551-e5b1-4304-a4f7-7fcb58585687,0,GW3RMUC06,"PCPTHO_RC0010CM_K3,PKPB",UC001075,PKPB,0,101,,0,1,0,0,0,0,0,0,0,0,1,0,0,0,0
DESetStatus,13824,850d7f2d-a966-4e7f-8351-7d6de8f467a7,0,GW3RMUC06,"PCPTHO_RC0010CM_K1,PKPB",UC001071,PKPB,0,101,,0,1,0,0,0,0,0,0,0,0,1,0,0,0,0
DESetStatus,13825,abb7d26e-413e-4d36-88f5-f0c672ffaca9,0,GW3RMUC06,"PCPTHO_RC0010CM_K2,PKPB",UC001073,PKPB,0,101,,0,1,0,0,0,0,0,0,0,0,1,0,0,0,0
DESetStatus,13826,4fc94c25-ac2a-4628-b634-bf4a8b787d62,0,GW3RMUC06,"PCPTHO_RC0010CM_K3,PKPC",UC001075,PKPC,0,101,,0,1,0,0,0,0,0,0,0,0,1,0,0,0,0
DESetStatus,13827,b3668964-b4bd-48e6-ab68-239d727f5d29,0,GW3RMUC06,"PCPTHO_RC0010CM_K1,PKPC",UC001071,PKPC,0,101,,0,1,0,0,0,0,0,0,0,0,1,0,0,0,0
DESetStatus,13828,e7d280e6-08ff-45e3-8106-3bb1e6e1ad71,0,GW3RMUC06,"PCPTHO_RC0010CM_K2,PKPC",UC001073,PKPC,0,101,,0,1,0,0,0,0,0,0,0,0,1,0,0,0,0
DESetStatus,13829,8660e996-92af-407f-b5fe-ec026e95317e,0,GW3RMUC06,"PCPTHO_RC0010CM_K3,PKPN",UC001075,PKPN,0,101,,0,1,0,0,0,0,0,0,0,0,1,0,0,0,0
DESetStatus,13830,dde4ccd9-315e-44ea-a341-edb58e8b613d,0,GW3RMUC06,"PCPTHO_RC0010CM_K2,PKPN",UC001073,PKPN,0,101,,0,1,0,0,0,0,0,0,0,0,1,0,0,0,0
DESetStatus,13831,8e5416e2-7d27-403f-a4ad-af4987939d45,0,GW3RMUC06,"PCPTHO_RC0010CM_K1,PKPN",UC001071,PKPN,0,101,,0,1,0,0,0,0,0,0,0,0,1,0,0,0,0
DESetStatus,13832,e7b3838e-04a1-420b-ae27-88a177cf8307,0,GW3RMUC06,"PCPTHO_RC0010CM_K1,SFAL",UC001071,SFAL,0,101,,0,1,0,0,0,0,0,0,0,0,1,0,0,0,0
DESetStatus,13833,f695d9a9-bdf5-41a9-99ae-6677e98e8078,0,GW3RMUC06,"PCPTHO_RC0010CM_T1,SFAL",UC001031,SFAL,0,101,,0,1,0,0,0,0,0,0,0,0,1,0,0,0,0
DESetStatus,13834,5d758c8e-c5af-4a07-8955-9038362c7eca,0,GW3RMUC06,"PCPTHO_RC0010CM_T3,SFAL",UC001035,SFAL,0,101,,0,1,0,0,0,0,0,0,0,0,1,0,0,0,0
DESetStatus,13835,9b645acf-650f-4c02-a850-4406f5811348,0,GW3RMUC06,"PCPTHO_RC0010CM_T2,SFAL",UC001033,SFAL,0,101,,0,1,0,0,0,0,0,0,0,0,1,0,0,0,0
DESetStatus,13836,56517827-fa8e-4e3b-a72c-d49d44898a5e,0,GW3RMUC06,"PCPTHO_RC0010CM_K2,SFAL",UC001073,SFAL,0,101,,0,1,0,0,0,0,0,0,0,0,1,0,0,0,0
DESetStatus,13837,e2c9e5a2-d7e2-47ed-9f9e-aaf6247f5ab3,0,GW3RMUC06,"PCPTHO_RC0010CM_K3,SFAL",UC001075,SFAL,0,101,,0,1,0,0,0,0,0,0,0,0,1,0,0,0,0
DESetStatus,13838,f3d3c0d5-3ba1-4f31-85a6-c8fbc57f0433,0,GW3RMUC06,"PCPTHO_RC0010CM_K1,VAPR",UC001071,VAPR,0,101,,0,1,0,0,0,0,0,0,0,0,1,0,0,0,0
DESetStatus,13839,e047d274-7543-440a-997d-ee8dc3793277,0,GW3RMUC06,"PCPTHO_RC0010CM_K2,VAPR",UC001073,VAPR,0,101,,0,1,0,0,0,0,0,0,0,0,1,0,0,0,0
DESetStatus,13840,6206cc02-abdb-4ce1-90fc-e53c79ecd529,0,GW3RMUC06,"PCPTHO_RC0010CM_K3,VAPR",UC001075,VAPR,0,101,,0,1,0,0,0,0,0,0,0,0,1,0,0,0,0
DESetStatus,13841,091ac502-e92e-4417-a0bc-7725400daaeb,0,GW3RMUC06,"PCPTHO_RC0010CM_K3,VBPR",UC001075,VBPR,0,101,,0,1,0,0,0,0,0,0,0,0,1,0,0,0,0
DESetStatus,13842,69aca20a-71da-44ba-99d1-c4d54e6e0ea5,0,GW3RMUC06,"PCPTHO_RC0010CM_K2,VBPR",UC001073,VBPR,0,101,,0,1,0,0,0,0,0,0,0,0,1,0,0,0,0
DESetStatus,13843,77c30021-e27e-4679-8adc-0c36c589419a,0,GW3RMUC06,"PCPTHO_RC0010CM_K1,VBPR",UC001071,VBPR,0,101,,0,1,0,0,0,0,0,0,0,0,1,0,0,0,0
DESetStatus,13844,e0e00334-a22d-44d7-85ae-bea640fbb826,0,GW3RMUC06,"PCPTHO_RC0010CM_K3,VCPR",UC001075,VCPR,0,101,,0,1,0,0,0,0,0,0,0,0,1,0,0,0,0
DESetStatus,13845,7008e6f7-be61-41f7-a723-11446fa20926,0,GW3RMUC06,"PCPTHO_RC0010CM_K2,VCPR",UC001073,VCPR,0,101,,0,1,0,0,0,0,0,0,0,0,1,0,0,0,0
DESetStatus,13846,b1a5acf1-51c7-41b3-a9d7-1c5bd2ae4e27,0,GW3RMUC06,"PCPTHO_RC0010CM_K1,VCPR",UC001071,VCPR,0,101,,0,1,0,0,0,0,0,0,0,0,1,0,0,0,0
DESetStatus,13847,a3e3af86-bb6a-4b67-8a3f-4a202e1cc57b,0,GW3RMUC06,"PCPTHO_RC0010CM_K2,VLPS",UC001073,VLPS,0,101,,0,1,0,0,0,0,0,0,0,0,1,0,0,0,0
DESetStatus,13848,a739dffd-103a-43c4-acc9-2d77f3eab3b5,0,GW3RMUC06,"PCPTHO_RC0010CM_K1,VLPS",UC001071,VLPS,0,101,,0,1,0,0,0,0,0,0,0,0,1,0,0,0,0
DESetStatus,13849,89297373-e47a-40c5-9e4b-2a887cb2cdca,0,GW3RMUC06,"PCPTHO_RC0010CM_K3,VLPS",UC001075,VLPS,0,101,,0,1,0,0,0,0,0,0,0,0,1,0,0,0,0
